<!--
  ~ Copyright (c) 2010, Apigee Corporation.  All rights reserved.
  ~ Apigee(TM) and the Apigee logo are trademarks or
  ~ registered trademarks of Apigee Corp. or its subsidiaries.  All other
  ~ trademarks are the property of their respective owners.
  -->

<profile name="Gateway-KMS">
    <!-- Infra Services -->
    <service name="AccessControl"/>
    <service name="AlertService"/>
    <service name="ActorsService">
        <properties>
            <file>application.conf</file>
        </properties>
    </service>
      <service name="ClusterService"  flavour="local"/>
      <service name="CacheService" flavour="all"/>

    <service name="CommunicationService">
        <properties>
            <file>communication.properties</file>
        </properties>
    </service>
    <service name="DebugService"/>
    <service name="EventService"/>
    <module name="HTTP-Protocol"/>
    <service name="LogService"/>
    <service name="OrganizationService" flavour="management"/>
    <service name="RepositoryService" flavour="all"/>
    <service name="ServerRegistrationService"/>
    <module name="ServerBind"/>
    <service name="SecurityService"/>
    <service name="WebService"/>

    <module name="configuration">
        <service name="ApplicationDistributionService"/>
        <service name="ConfigurationService"/>
    </module>
    <service name="MessageRouterService"/>
    <service name="MessageProcessorService"/>
    <module name="KeyManagement" flavour="keymanagement"/>
    <service name="TargetResolutionService"/>
    <service name="HealthMonitorService"/>
    <service name="RateLimit"/>
    <service name="OAuthService"/>
    <service name="OAuthV2Service"/>
    <service name="MessageProcessorIdentificationService"/>
    <service name="ApplicationIdentificationService"/>
    <service name="RuntimeConfigurationService"/>
    <service name="StatsCollector"/>
    <service name="CollectionService"/>
    <module name="Audit" />
    <service name="JSONSubTypeRegisterService"/>
    <module name="Audit"/>
	<module name="rbac">
    	<service name="UserService"/>
       	<service name="ResourceService"/>
    </module>
    <service name="MetricsService"/>
    <service name="NodeScriptService"/>
</profile>
