<!--
  ~ Copyright (c) 2010, Apigee Corporation.  All rights reserved.
  ~ Apigee(TM) and the Apigee logo are trademarks or
  ~ registered trademarks of Apigee Corp. or its subsidiaries.  All other
  ~ trademarks are the property of their respective owners.
  -->
 
<profile name="IngestServer">
    <!-- Infra Services -->
    <service name="AccessControl"/>
    <service name="AlertService"/>
    <service name="CacheService"/>
    <service name="CommunicationService">
        <properties>
            <file>communication.properties</file>
        </properties>
    </service>
    <service name="DebugService"/>
    <service name="EventService"/>
    <module name="HTTP-Protocol"/>
    <service name="LogService"/>
    <service name="OrganizationService" flavour="others"/>
    <service name="RepositoryService">
        <properties>
            <file>ingest-server-repository.properties</file>
        </properties>
    </service>
    <service name="ServerRegistrationService">
        <properties>
            <file>ingest-server-registration.properties</file>
            <property name="tag.Profile" value="IngestServer"/>
        </properties>
    </service>
    <module name="ServerBind"/>
    <service name="SecurityService"/>
    <service name="WebService"/>
    <service name="ZooKeeperService" flavour="cloud"/>
 
 
    <service name="com.apigee.analytics.zookeeper.ZooKeeperService">
        <class-name>com.apigee.analytics.zookeeper.ZooKeeperServiceImpl</class-name>
        <properties>
            <file>zoo-injest.properties</file>
        </properties>
 
    </service>
<service name="ZookeeperClientService">
       <class-name>com.apigee.analytics.zookeeper.client.ZookeeperClient</class-name>
       <requires>
           <service name="com.apigee.analytics.zookeeper.ZooKeeperService"/>
           <service name="IngestService"/>
           <service name="QpidClientService"/>
       </requires>
   </service>
 
 <service name="IngestService">
        <class-name>com.apigee.analytics.persistence.ingest.impl.IngestManagerServiceImpl</class-name>
        <requires>
            <service name="com.apigee.analytics.zookeeper.ZooKeeperService"/>
        </requires>
	<properties>
            <file>pg-ingest.properties</file>
        </properties>
    </service>

    <service name="QueueClientService"/>

    <!-- QpidClientService has two flavours, 'ingestqueue-service' can act as a facade for the old service 
     or an new implementation based on the QueueClientService
     The property 'use.queue.client.service' in  conf/qpidclient-service.properties is used to switch between the two
     After R22 this code should be removed.
    -->
    <service name="QpidClientService" flavour="ingestqueue-service">
        <class-name>com.apigee.analytics.queue.QueueServiceImpl</class-name>
        <requires>
            <service name="com.apigee.analytics.zookeeper.ZooKeeperService"/>
            <service name="IngestService"/>
            <service name="QueueClientService"/>
        </requires>
        <properties>
            <file>qpidclient-service.properties</file>
        </properties>
    </service>
 


    <service name="RestRegistrationService">
    </service>



    <service name="MetricsService"/>
 
</profile>
