<!--
  ~ Copyright (c) 2010, Apigee Corporation.  All rights reserved.
  ~  Apigee(TM) and the Apigee logo are trademarks or
  ~  registered trademarks of Apigee Corp. or its subsidiaries.  All other
  ~  trademarks are the property of their respective owners.
  -->

<profile name="ManagementServer">
    <!-- Infra Services -->
    <service name="AccessControl"/>
    <service name="AlertService"/>
    <service name="ActorsService">
        <properties>
            <file>application.conf</file>
        </properties>
    </service>
    <service name="CacheService" flavour="management"/>
    <service name="CommunicationService">
        <properties>
            <file>communication.properties</file>
        </properties>
    </service>
    <service name="DebugService"/>
    <service name="EventService"/>
    <service name="LogService"/>
    <service name="MonitoringService"/>
    <service name="OrganizationService" flavour="management"/>
    <service name="RepositoryService">
        <properties>
            <file>management-server-repository.properties</file>
        </properties>
    </service>
    <service name="ServerRegistrationService" flavour="management">
        <properties>
            <property name="tag.Profile" value="ManagementServer"/>
        </properties>
    </service>
    <service name="SecurityService">
        <properties>
            <property name="security.profile.watcher.enabled" value="true"/>
        </properties>
    </service>
    <module name="ServerBind"/>
    <service name="WebService"/>
    <service name="ZooKeeperService" flavour="cloud"/>
    <service name="ClusterService">
        <properties>
            <property name="target.type" value="management-server"/>
        </properties>
    </service>

    <!-- Gateway Services -->
    <module name="configuration">
        <service name="ApplicationDistributionService">
            <properties>
                <property name="deploy.handler"
                          value="com.apigee.distribution.handlers.RemoteServicesDeploymentHandler"/>
                <property name="undeploy.handler"
                          value="com.apigee.distribution.handlers.RemoteServicesUnDeploymentHandler"/>
                <property name="config.handler"
                          value="com.apigee.distribution.handlers.RemoteServicesConfigEventHandler"/>
            </properties>
        </service>
        <service name="ConfigurationService"/>
    </module>
    <module name="KeyManagement" flavour="management">
        <service name="KeyManagementService"/>
        <service name="OrganizationService" flavour="management"/>
        <service name="ApiProductService"/>
        <service name="ApplicationService"/>
        <service name="OAuth1ManagementService"/>
        <service name="OAuth2ManagementService"/>
        <service name="PurgeService"/>
    </module>
    <module name="DeveloperManagement" flavour="devmanagement">
        <service name="DeveloperService"/>
        <service name="DeveloperAppService"/>
    </module>
    <module name="Audit"/>
    <service name="JSONSubTypeRegisterService"/>
    <module name="rbac">
        <service name="UserService"/>
        <service name="ResourceService"/>
    </module>

    <service name="com.apigee.analytics.zookeeper.ZooKeeperService">
        <class-name>com.apigee.analytics.zookeeper.ZooKeeperServiceImpl</class-name>
        <properties>
            <file>zoo-queryserver.properties</file>
        </properties>
    </service>

    <service name="QueryService">
        <class-name>com.apigee.analytics.queryservice.impl.QueryServiceImpl</class-name>
        <requires>
            <service name="CommunicationService"/>
            <service name="ServerRegistrationService"/>
            <service name="com.apigee.analytics.zookeeper.ZooKeeperService"/>
        </requires>
        <properties>
            <file>query-service.properties</file>
        </properties>
    </service>

    <service name="ReportCacheService">
        <class-name>com.apigee.analytics.reportcache.ReportCacheService</class-name>
        <requires>
            <service name="CommunicationService"/>
            <service name="SecurityService"/>
            <service name="CacheService"/>
        </requires>
        <properties>
            <file>reportcache.properties</file>
        </properties>
    </service>

    <service name="DataAccessService">
        <class-name>com.apigee.analytics.dataaccess.services.DataAccessService</class-name>
        <requires>
            <service name="CommunicationService"/>
            <service name="ReportCacheService"/>
            <service name="QueryService"/>
        </requires>
        <properties>
            <file>dataaccess.properties</file>
        </properties>
    </service>

    <service name="DataApiService">
        <class-name>com.apigee.analytics.dataapi.impl.DataApiServiceImpl</class-name>
        <requires>
            <service name="CommunicationService"/>
            <service name="SecurityService"/>
            <service name="DataAccessService"/>
        </requires>
        <properties>
        </properties>
    </service>

    <service name="ReportModelService">
        <class-name>com.apigee.analytics.reportmodel.impl.ReportModelServiceImpl</class-name>
        <requires>
            <service name="CommunicationService"/>
            <service name="SecurityService"/>
            <service name="DataAccessService"/>
        </requires>
        <properties>
        </properties>
    </service>
    <service name="MetricsService"/>
    <module name="KeyValueMap" flavour="management" />
    <service name="ApihubService"/>

    
    <service name="FeatureFlagService" flavour="management">
        <requires>
            <service name="ZooKeeperService"/>
            <service name="CommunicationService"/>
        </requires>
    </service>



</profile>
