<!--
  ~ Copyright (c) 2010, Apigee Corporation.  All rights reserved.
  ~  Apigee(TM) and the Apigee logo are trademarks or
  ~  registered trademarks of Apigee Corp. or its subsidiaries.  All other
  ~  trademarks are the property of their respective owners.
  -->

<profile name="MessageProcessor">
    <!-- Infra Services -->
    <service name="AccessControl"/>
    <service name="AlertService"/>
    <service name="ActorsService">
        <properties>
            <file>application.conf</file>
        </properties>
    </service>
    <service name="ApihubManagementService"/>
    <service name="CacheService" flavour="runtime"/>
    <service name="CommunicationService">
        <properties>
            <file>communication.properties</file>
        </properties>
    </service>
    <service name="DebugService"/>
    <service name="EventService"/>
    <module name="HTTP-Protocol"/>
    <service name="LogService"/>
    <service name="MonitoringService"/>
    <service name="RepositoryService">
        <properties>
            <file>message-processor-repository.properties</file>
        </properties>
    </service>
    <service name="ServerRegistrationService" flavour="read-only">
        <properties>
            <file>message-processor-registration.properties</file>
            <property name="tag.Profile" value="MessageProcessor"/>
        </properties>
    </service>
    <service name="SecurityService"/>
    <module name="ServerBind" flavour="read-only"/>
    <service name="WebService"/>
    <service name="ZooKeeperService" flavour="cloud"/>
    <service name="OrganizationService" flavour="management"/>
    <service name="ClusterService">
      <properties>
        <property name="target.type" value="router,message-processor"/>
      </properties>
    </service>

    <!-- Gateway Services -->
    <service name="HealthMonitorService"/>
    <service name="MessageProcessorService">
        <properties>
            <property name="remotely_invokable" value="true"/>
            <property name="remotely_configurable" value="true"/>
        </properties>
    </service>
    <service name="RuntimeConfigurationService" flavour="processor"/>
    <module name="KeyManagement" flavour="runtime" />
    <module name="DeveloperManagement" flavour="runtime">
        <service name="DeveloperService"/>
        <service name="DeveloperAppService"/>
    </module>
    <service name="OAuthService"/>
    <service name="OAuthV2Service"/>
    <service name="RateLimit"/>
    <service name="StatsCollector"/>
    <service name="TargetResolutionService"/>
    <service name="CollectionService"/>
    <service name="CounterService"/>
    <service name="JSONSubTypeRegisterService"/>
    <module name="rbac">
        <service name="UserService"/>
        <service name="ResourceService"/>
    </module>
    <service name="MetricsService"/>
    <module name="KeyValueMap" flavour="runtime" />
    <service name="QueueClientService"/>
    <service name="FeatureFlagService" />
    <service name="NodeScriptService"/>
</profile>
