<!--
  ~ Copyright (c) 2010, Apigee Corporation.  All rights reserved.
  ~ Apigee(TM) and the Apigee logo are trademarks or
  ~ registered trademarks of Apigee Corp. or its subsidiaries.  All other
  ~ trademarks are the property of their respective owners.
  -->

<profile name="Monitoring-Provisioning">
    <!-- Infra Services -->
    <service name="AccessControl"/>
    <service name="CommunicationService">
        <properties>
            <file>communication.properties</file>
        </properties>
    </service>
    <module name="HTTP-Protocol"/>
    <service name="LogService"/>
    <service name="SecurityService"/>
    <service name="WebService"/>
    <service name="WebAppContainerService"/>
    <service name="CloudMonitoringService">
        <properties>
            <file>monitoring-provisioing-datastore.properties</file>
        </properties>
    </service>

</profile>
