<!--
  ~ Copyright (c) 2010, Apigee Corporation.  All rights reserved.
  ~ Apigee(TM) and the Apigee logo are trademarks or
  ~ registered trademarks of Apigee Corp. or its subsidiaries.  All other
  ~ trademarks are the property of their respective owners.
  -->

<profile name="PostgresServer">
    <!-- Infra Services -->
    <service name="AccessControl"/>
    <service name="AlertService"/>
    <service name="CacheService"/>
    <service name="CommunicationService">
        <properties>
            <file>communication.properties</file>
        </properties>
    </service>
    <service name="DebugService"/>
    <service name="EventService"/>
    <module name="HTTP-Protocol"/>
    <service name="LogService"/>
    <service name="OrganizationService" flavour="others"/>
    <service name="RepositoryService">
        <properties>
            <file>postgres-server-repository.properties</file>
        </properties>
    </service>
    <service name="ServerRegistrationService">
        <properties>
            <file>axagent-registration.properties</file>
            <property name="tag.Profile" value="AXPlatformAgentService"/>
        </properties>
    </service>
    <module name="ServerBind"/>
    <service name="SecurityService"/>
    <service name="WebService"/>
    <service name="ZooKeeperService" flavour="cloud"/>



    <service name="com.apigee.analytics.zookeeper.ZooKeeperService">
        <class-name>com.apigee.analytics.zookeeper.ZooKeeperServiceImpl</class-name>
        <properties>
            <file>zoo-injest.properties</file>
        </properties>
    </service>

    <service name="IngestService">
        <class-name>com.apigee.analytics.persistence.ingest.impl.IngestManagerServiceImpl</class-name>
        <requires>
            <service name="com.apigee.analytics.zookeeper.ZooKeeperService"/>
        </requires>
        <properties>
            <file>pg-ingest.properties</file>
        </properties>
    </service>


    <service name="QueueClientService"/>
    <service name="IngestBootService"> <!-- to allow the sampling procs to be created first before registering any tasks -->
        <requires>
            <service name="PersistenceBootupService"/>
        </requires>
    </service>

    <service name="IngestPersistenceService"/>
    <module name="persistence-rt">
        <service name="PersistenceBootupService">
        </service>

        <service name="PersistenceRTSupportService">
            <requires>
                <service name="PersistenceBootupService"/>
            </requires>
        </service>

    </module>


    <service name="RestRegistrationService">
    </service>
    <service name="MetricsService"/>

</profile>
