<!--
  ~ Copyright (c) 2010, Apigee Corporation.  All rights reserved.
  ~ Apigee(TM) and the Apigee logo are trademarks or
  ~ registered trademarks of Apigee Corp. or its subsidiaries.  All other
  ~ trademarks are the property of their respective owners.
  -->
 
<profile name="QpidServer">
    <!-- Infra Services -->
    <service name="AccessControl"/>
    <service name="AlertService"/>
    <service name="CacheService"/>
    <service name="CommunicationService">
        <properties>
            <file>communication.properties</file>
        </properties>
    </service>
    <service name="DebugService"/>
    <service name="EventService"/>
    <module name="HTTP-Protocol"/>
    <service name="LogService"/>
    <service name="OrganizationService" flavour="others"/>
    <service name="RepositoryService">
        <properties>
            <file>qpid-server-repository.properties</file>
        </properties>
    </service>
    <service name="ServerRegistrationService">
        <properties>
            <file>axagent-registration.properties</file>
            <property name="tag.Profile" value="AXPlatformAgentService"/>
        </properties>
    </service>
    <module name="ServerBind"/>
    <service name="SecurityService"/>
    <service name="WebService"/>
    <service name="ZooKeeperService" flavour="cloud"/>
    <service name="RestRegistrationService"/>
    <service name="QueueClientService"/>
    <service name="QpidBootService"/>
    <service name="MetricsService"/>
     
</profile>
