<!--
  ~ Copyright (c) 2010, Apigee Corporation.  All rights reserved.
  ~ Apigee(TM) and the Apigee logo are trademarks or
  ~ registered trademarks of Apigee Corp. or its subsidiaries.  All other
  ~ trademarks are the property of their respective owners.
  -->

<profile name="queryserver">
    <!-- Infra Services -->
    <service name="AccessControl"/>
    <service name="AlertService"/>
    <service name="CacheService"/>
    <service name="CommunicationService">
        <properties>
            <file>communication.properties</file>
        </properties>
    </service>
    <service name="DebugService"/>
    <service name="EventService"/>
    <module name="HTTP-Protocol"/>
    <service name="LogService"/>
    <service name="OrganizationService" flavour="others"/>
    <service name="RepositoryService"/>
    <service name="ServerRegistrationService"/>
    <module name="ServerBind"/>
    <service name="SecurityService"/>
    <service name="WebService"/>



	<service name="com.apigee.analytics.zookeeper.ZooKeeperService">
        <class-name>com.apigee.analytics.zookeeper.ZooKeeperServiceImpl</class-name>
        <properties>
            <file>zoo-queryserver.properties</file>
        </properties>
    </service>

	<service name="QueryService">
        <class-name>com.apigee.analytics.queryservice.QueryServiceImpl</class-name>
        <requires>
		    <service name="CommunicationService"/>
			<service name="ServerRegistrationService"/>
            <service name="com.apigee.analytics.zookeeper.ZooKeeperService"/>
        </requires>
		<properties>
            <file>query-service.properties</file>
        </properties>
    </service>

	<service name="ReportCacheService">
        <class-name>com.apigee.analytics.reportcache.ReportCacheService</class-name>
        <requires>
            <service name="CommunicationService"/>
            <service name="SecurityService"/>
            <service name="CacheService"/>
        </requires>
        <properties>
            <file>reportcache.properties</file>
        </properties>
    </service>

	 <service name="DataAccessService">
        <class-name>com.apigee.analytics.dataaccess.services.DataAccessService</class-name>
        <requires>
            <service name="CommunicationService"/>
            <service name="ReportCacheService"/>
            <service name="QueryService"/>
        </requires>
        <properties>
        </properties>
    </service>



    <service name="AccountStatisticsService">   <!-- todo rename -->
        <class-name>com.apigee.analytics.dataapi.impl.DataApiServiceImpl</class-name>
        <requires>
            <service name="CommunicationService"/>
            <service name="SecurityService"/>
            <service name="DataAccessService"/>
        </requires>
        <properties>
        </properties>
    </service>
    <service name="MetricsService"/>


</profile>
