<!--
  ~ Copyright (c) 2010, Apigee Corporation.  All rights reserved.
  ~ Apigee(TM) and the Apigee logo are trademarks or
  ~ registered trademarks of Apigee Corp. or its subsidiaries.  All other
  ~ trademarks are the property of their respective owners.
  -->

<profile name="RepositoryServer">
    <service name="WebService"/>
    <service name="SecurityService"/>
    <service name="EventService"/>
    <service name="AlertService"/>
    <service name="LogService"/>
    <service name="ServerRegistrationService"/>
    <service name="CommunicationService">
        <properties>
            <file>communication.properties</file>
        </properties>
    </service>
    <service name="RepositoryService">
        <properties>
            <property name="is.remote.server" value="true"/>
            <file>repository-server-repository.properties</file>
        </properties>
    </service>
</profile>
