<!--
  ~ Copyright (c) 2010, Apigee Corporation.  All rights reserved.
  ~ Apigee(TM) and the Apigee logo are trademarks or
  ~ registered trademarks of Apigee Corp. or its subsidiaries.  All other
  ~ trademarks are the property of their respective owners.
  -->

<profile name="Router">

    <!-- Infra Services -->
    <service name="AccessControl"/>
    <service name="AlertService"/>
    <service name="ActorsService">
        <properties>
            <file>application.conf</file>
        </properties>
    </service>
    <service name="CacheService" flavour="router"/>
    <service name="CommunicationService">
        <properties>
            <file>communication.properties</file>
        </properties>
    </service>
    <service name="DebugService"/>
    <service name="EventService"/>
    <module name="HTTP-Protocol"/>
    <service name="LogService"/>
    <service name="MonitoringService"/>
    <service name="RepositoryService">
        <properties>
            <file>router-repository.properties</file>
        </properties>
    </service>
    <service name="ServerRegistrationService" flavour="read-only">
        <properties>
            <file>router-registration.properties</file>
            <property name="tag.Profile" value="Router"/>
        </properties>
    </service>
    <service name="SecurityService"/>
    <module name="ServerBind" flavour="read-only"/>
    <service name="WebService"/>
    <service name="ZooKeeperService" flavour="cloud"/>
    <service name="ClusterService">
      <properties>
        <property name="target.type" value="router,message-processor,webapp-container"/>
      </properties>
    </service>
    <service name="JSONSubTypeRegisterService"/>

    <!-- Gateway Services -->
    <service name="MessageProcessorIdentificationService">
        <properties>
            <property name="stub.factory.class"
                      value="com.apigee.messaging.adaptors.http.configuration.MessageProcessorHttpStubFactory"/>
        </properties>
    </service>
    <service name="MessageRouterService">
        <properties>
            <property name="remote_flow_processor" value="com.apigee.identification.ExecuteRemoteMessageProcessor"/>
        </properties>
    </service>
    <service name="ApplicationIdentificationService">
        <properties>
            <property name="remotely_configurable" value="true"/>
            <property name="remotely_invokable" value="true"/>
        </properties>
    </service>
    <service name="RuntimeConfigurationService" flavour="router"/>
    <module name="rbac">
        <service name="UserService"/>
        <service name="ResourceService"/>
    </module>
    <service name="MetricsService"/>
</profile>
