<!--
  ~ Copyright (c) 2010, Apigee Corporation.  All rights reserved.
  ~  Apigee(TM) and the Apigee logo are trademarks or
  ~  registered trademarks of Apigee Corp. or its subsidiaries.  All other
  ~  trademarks are the property of their respective owners.
  -->

<profile name="WebAppContainer">
    <!-- Infra Services -->
    <service name="AccessControl"/>
    <service name="AlertService"/>
    <service name="CacheService"/>
    <service name="CommunicationService">
        <properties>
            <file>communication.properties</file>
        </properties>
    </service>
    <service name="DebugService"/>
    <service name="EventService"/>
    <module name="HTTP-Protocol"/>
    <service name="LogService"/>
    <service name="MonitoringService"/>
    <service name="RepositoryService">
        <properties>
            <file>message-processor-repository.properties</file>
        </properties>
    </service>
    <service name="ServerRegistrationService" flavour="read-only">
        <properties>
            <file>webapp-container-registration.properties</file>
            <property name="tag.Profile" value="WebAppContainer"/>
        </properties>
    </service>

    <service name="SecurityService"/>
    <module name="ServerBind" flavour="read-only"/>
    <service name="ClusterService"/>
    <service name="WebService"/>
    <service name="ZooKeeperService" flavour="cloud"/>
    <service name="OrganizationService" flavour="others"/>

    <!-- Gateway Services -->
    <service name="HealthMonitorService"/>
    <service name="RuntimeConfigurationService" flavour="webapp-container"/>
    <module name="KeyManagement" flavour="runtime" />

    <service name="WebAppContainerService"/>
    <service name="MetricsService"/>

</profile>
