{
    "name": "organizations",
    "children": [
        {
            "name": "ORG_PLACEHOLDER",
            "children": [
                {
                    "name": "ingestservers",
                    "children": [
                        {
                            "name": "INGEST_UUID_PLACEHOLDER",
                            "children": [
                                {
                                    "name": "ENV_PLACEHOLDER"
                                }
                            ]
                        }
                    ]
                },
                {
                    "name": "webservers",
                    "children": [
                        {
                            "name": "ENV_PLACEHOLDER"

                        }
                    ]
                }
            ]
        }
    ]
}