<!--
  ~ Copyright (c) 2010, Apigee Corporation.  All rights reserved.
  ~  Apigee(TM) and the Apigee logo are trademarks or
  ~  registered trademarks of Apigee Corp. or its subsidiaries.  All other
  ~  trademarks are the property of their respective owners.
  -->

<configuration>

    <appender name="STDOUT" class="ch.qos.logback.core.ConsoleAppender">
        <encoder>
            <pattern>%d org:%X{orgName} env:%X{envName} %thread %-5level %logger{25} - %msg%n</pattern>
        </encoder>
    </appender>

    <appender name="LOGFILE" class="ch.qos.logback.core.rolling.RollingFileAppender">
        <file>${data.dir:-..}/logs/system.log</file>
        <rollingPolicy class="ch.qos.logback.core.rolling.TimeBasedRollingPolicy">
            <!-- rollover daily -->
            <fileNamePattern>${data.dir:-..}/logs/system-%d{yyyy-MM-dd}.%i.log.gz</fileNamePattern>
            <!-- keep max of 10 days -->
            <maxHistory>10</maxHistory>
            <timeBasedFileNamingAndTriggeringPolicy class="ch.qos.logback.core.rolling.SizeAndTimeBasedFNATP">
                <!-- or whenever the file size reaches 50MB -->
                <maxFileSize>50MB</maxFileSize>
            </timeBasedFileNamingAndTriggeringPolicy>
        </rollingPolicy>
        <encoder>
            <pattern>%d org:%X{orgName} env:%X{envName} %thread %-5level %logger{25} - %C{0}.%M\(\) : %msg%n</pattern>
        </encoder>
    </appender>

    <appender name="URLLOGFILE" class="ch.qos.logback.core.rolling.RollingFileAppender">
        <file>${data.dir:-..}/logs/urllog.log</file>
        <rollingPolicy class="ch.qos.logback.core.rolling.TimeBasedRollingPolicy">
            <!-- rollover daily -->
            <fileNamePattern>${data.dir:-..}/logs/system-%d{yyyy-MM-dd}.%i.log.gz</fileNamePattern>
            <!-- keep max of 10 days -->
            <maxHistory>10</maxHistory>
            <timeBasedFileNamingAndTriggeringPolicy class="ch.qos.logback.core.rolling.SizeAndTimeBasedFNATP">
                <!-- or whenever the file size reaches 50MB -->
                <maxFileSize>50MB</maxFileSize>
            </timeBasedFileNamingAndTriggeringPolicy>
        </rollingPolicy>
        <encoder>
            <pattern>%d %thread %-5level %logger{25} - %C{0}.%M\(\) : %msg%n</pattern>
        </encoder>
    </appender>

    <appender name="STARTUP_RUNTIME_ERROR" class="ch.qos.logback.core.rolling.RollingFileAppender">
        <file>${data.dir:-..}/logs/startupruntimeerrors.log</file>
        <rollingPolicy class="ch.qos.logback.core.rolling.TimeBasedRollingPolicy">
            <!-- rollover daily -->
            <fileNamePattern>${data.dir:-..}/logs/system-%d{yyyy-MM-dd}.%i.log.gz</fileNamePattern>
            <!-- keep max of 10 days -->
            <maxHistory>10</maxHistory>
            <timeBasedFileNamingAndTriggeringPolicy class="ch.qos.logback.core.rolling.SizeAndTimeBasedFNATP">
                <!-- or whenever the file size reaches 50MB -->
                <maxFileSize>50MB</maxFileSize>
            </timeBasedFileNamingAndTriggeringPolicy>
        </rollingPolicy>
        <encoder>
            <pattern>%d %thread %-5level %logger{25} - %C{0}.%M\(\) : %msg%n</pattern>
        </encoder>
    </appender>

    <appender name="SYSLOG" class="ch.qos.logback.classic.net.SyslogAppender">
        <syslogHost>localhost</syslogHost>
        <facility>USER</facility>
        <suffixPattern>%d %thread %-5level %logger{25} - %C{0}.M\(\) : %msg%n</suffixPattern>
    </appender>

    <appender name="TRANSACTION_LOGS" class="ch.qos.logback.core.rolling.RollingFileAppender">
        <file>${data.dir:-..}/logs/transactions.log</file>
        <rollingPolicy class="ch.qos.logback.core.rolling.TimeBasedRollingPolicy">
            <!-- rollover daily -->
            <fileNamePattern>${data.dir:-..}/logs/system-%d{yyyy-MM-dd}.%i.log.gz</fileNamePattern>
            <!-- keep max of 10 days -->
            <maxHistory>10</maxHistory>
            <timeBasedFileNamingAndTriggeringPolicy class="ch.qos.logback.core.rolling.SizeAndTimeBasedFNATP">
                <!-- or whenever the file size reaches 50MB -->
                <maxFileSize>50MB</maxFileSize>
            </timeBasedFileNamingAndTriggeringPolicy>
        </rollingPolicy>
        <encoder>
            <pattern>%d %thread %-5level %logger{25} - %msg%n</pattern>
        </encoder>
    </appender>
    <appender name="ACCESSINFO_LOGS" class="ch.qos.logback.core.rolling.RollingFileAppender">
        <file>${data.dir:-..}/logs/access.log</file>
        <rollingPolicy class="ch.qos.logback.core.rolling.TimeBasedRollingPolicy">
            <!-- rollover daily -->
            <fileNamePattern>${data.dir:-..}/logs/system-%d{yyyy-MM-dd}.%i.log.gz</fileNamePattern>
            <!-- keep max of 10 days -->
            <maxHistory>10</maxHistory>
            <timeBasedFileNamingAndTriggeringPolicy class="ch.qos.logback.core.rolling.SizeAndTimeBasedFNATP">
                <!-- or whenever the file size reaches 50MB -->
                <maxFileSize>50MB</maxFileSize>
            </timeBasedFileNamingAndTriggeringPolicy>
        </rollingPolicy>
        <encoder>
            <pattern>%d %thread %-5level %logger{25} - %msg%n</pattern>
        </encoder>
    </appender>

    <root level="${log.level:-INFO}">
        <appender-ref ref="LOGFILE"/>
        <!--appender-ref ref="STDOUT"/-->
        <!--appender-ref ref="SYSLOG"/-->
    </root>

    <logger name="STARTUP_RUNTIME_ERROR" level="ERROR" additivity="false">
        <appender-ref ref="STARTUP_RUNTIME_ERROR"/>
    </logger>
    <logger name="URLLOG" level="INFO" additivity="false">
        <appender-ref ref="URLLOGFILE"/>
    </logger>
    <logger level="${txn.log.level:-INFO}" name="TRANSACTION" additivity="false">
        <appender-ref ref="TRANSACTION_LOGS"/>
    </logger>
    <logger level="${txn.log.level:-INFO}" name="STATEMACHINE" additivity="false">
        <appender-ref ref="TRANSACTION_LOGS"/>
    </logger>
    <logger name="ACCESSLOG" level="INFO" additivity="false">
        <appender-ref ref="ACCESSINFO_LOGS"/>
    </logger>

    <logger name="RPC" level="INFO"/>
    <logger name="org.apache.directory" level="OFF"/>
    <logger name="jdbm" level="OFF"/>
    <logger name="JdbmTable" level="OFF"/>
    <logger name="JdbmIndex" level="OFF"/>
    <logger name="RPC" level="INFO"/>
    <logger name="org.apache.qpid" level="INFO"/>
    <logger name="org.apache.qpid.client" level="ERROR"/>
    <logger name="SERVICES.COLLECTION" level="ERROR"/>
    <logger name="CLUSTER" level="INFO"/>
    <logger name="org.apache.mina" level="OFF"/>
    <logger name="me.prettyprint.cassandra.connection.CassandraHostRetryService" level="OFF"/>
    <logger name="me.prettyprint.cassandra.connection.HThriftClient" level="OFF"/>
    <logger name="me.prettyprint.cassandra.connection.ConcurrentHClientPool" level="OFF"/>
</configuration>
