<!--
  ~ Copyright (c) 2010, Apigee Corporation.  All rights reserved.
  ~ Apigee(TM) and the Apigee logo are trademarks or
  ~ registered trademarks of Apigee Corp. or its subsidiaries.  All other
  ~ trademarks are the property of their respective owners.
  -->

<XMLToJSONFormats>
    <!-- http://www.xml.com/pub/a/2006/05/31/converting-between-xml-and-json.html -->
    <Format name="xml.com">
        <RecognizeNull>true</RecognizeNull>
        <TextNodeName>#text</TextNodeName>
        <AttributePrefix>@</AttributePrefix>
    </Format>

    <!-- http://developer.yahoo.com/yql/guide/xml_to_json.html -->
    <Format name="yahoo">
        <RecognizeNumber>true</RecognizeNumber>
        <TextNodeName>content</TextNodeName>
    </Format>

    <!-- http://code.google.com/apis/gdata/docs/json.html -->
    <Format name="google">
        <TextNodeName>$t</TextNodeName>
        <NamespaceSeparator>$</NamespaceSeparator>
        <TextAlwaysAsProperty>true</TextAlwaysAsProperty>
    </Format>

    <!-- http://ajaxian.com/archives/badgerfish-translating-xml-to-json -->
    <Format name="badgerFish">
        <TextNodeName>$</TextNodeName>
        <TextAlwaysAsProperty>true</TextAlwaysAsProperty>
        <AttributePrefix>@</AttributePrefix>
        <NamespaceSeparator>:</NamespaceSeparator>
        <NamespaceBlockName>@xmlns</NamespaceBlockName>
        <DefaultNamespaceNodeName>$</DefaultNamespaceNodeName>
    </Format>
</XMLToJSONFormats>